SalesID,SalesPersonID,CustomerID,ProductID,Quantity,,ProductID,Quantity,,ProductID,Top_Quantity
1,17,10482,500,500,,1,531,,463,24175
2,5,1964,306,810,,9,6156,,399,20769
3,8,12300,123,123,,13,169,,336,18480
4,1,4182,437,437,,26,11660,,213,15774
5,14,15723,246,750,,30,690,,276,15600
6,14,6000,60,60,,39,2715,,149,15019
7,5,17541,373,373,,43,6189,,86,14750
8,20,9423,183,687,,47,564,,416,13800
9,1,1,1,10,,56,7840,,433,12181
10,11,11241,310,310,,60,960,,306,12150
11,2,3023,119,623,,73,5770,,353,11998
12,17,14664,433,937,,77,847,,26,11660
13,20,5241,250,250,,86,14750,,369,11349
14,8,16482,56,560,,90,1890,,246,11250
15,22,8264,369,873,,103,9105,,467,10274
16,3,18700,187,187,,107,1498,,323,9924
17,17,10482,500,500,,119,8722,,479,9830
18,5,1964,306,810,,123,1845,,183,9618
19,8,12300,123,123,,136,7040,,446,9500
20,1,4182,437,437,,140,1680,,103,9105
21,14,15723,246,750,,149,15019,,386,8900
22,14,6000,60,60,,153,3506,,403,8866
23,5,17541,373,373,,166,8040,,119,8722
24,20,9423,183,687,,170,2550,,259,8393
25,1,1,1,26,,183,9618,,293,8052
26,11,11241,310,310,,187,2431,,166,8040
27,2,3023,119,623,,196,7700,,56,7840
28,17,14664,433,937,,200,2400,,340,7820
29,20,5241,250,250,,213,15774,,196,7700
30,15,19482,86,590,,217,5208,,500,7500
31,6,11264,399,903,,226,2920,,229,7330
32,10,1941,217,217,,229,7330,,136,7040
33,1,13482,26,530,,230,920,,280,7000
34,12,4964,336,840,,233,2330,,437,6555
35,15,15300,153,153,,246,11250,,43,6189
36,7,7182,467,467,,250,3250,,9,6156
37,21,18723,276,780,,259,8393,,420,5880
38,21,9000,90,90,,263,2630,,73,5770
39,12,782,403,403,,276,15600,,450,5400
40,4,12423,213,717,,280,7000,,357,5355
41,7,3000,30,30,,289,3172,,217,5208
42,18,14241,340,340,,293,8052,,373,4849
43,9,6023,149,653,,297,3267,,483,4830
44,1,17664,463,967,,306,12150,,390,4680
45,4,8241,280,280,,310,4340,,310,4340
46,15,19482,86,590,,323,9924,,327,3597
47,6,11264,399,903,,327,3597,,153,3506
48,10,1941,217,217,,336,18480,,297,3267
49,1,13482,26,530,,340,7820,,250,3250
50,12,4964,336,840,,353,11998,,289,3172
51,15,15300,153,153,,357,5355,,476,2940
52,7,7182,467,467,,369,11349,,226,2920
53,21,18723,276,780,,373,4849,,39,2715
54,21,9000,90,90,,383,887,,263,2630
55,12,782,403,403,,386,8900,,170,2550
56,4,12423,213,717,,390,4680,,187,2431
57,7,3000,30,30,,399,20769,,200,2400
58,18,14241,340,340,,403,8866,,233,2330
59,9,6023,149,653,,416,13800,,90,1890
60,1,17664,463,967,,420,5880,,123,1845
61,4,8241,280,280,,433,12181,,140,1680
62,15,19482,86,590,,437,6555,,107,1498
63,6,11264,399,903,,446,9500,,480,1440
64,10,1941,217,217,,450,5400,,60,960
65,1,13482,26,530,,463,24175,,230,920
66,12,4964,336,840,,467,10274,,383,887
67,15,15300,153,153,,476,2940,,77,847
68,7,7182,467,467,,479,9830,,30,690
69,21,18723,276,780,,480,1440,,47,564
70,21,9000,90,90,,483,4830,,1,531
71,12,782,403,403,,500,7500,,13,169
72,4,12423,213,717,,,,,,
73,7,3000,30,30,,,,,,
74,18,14241,340,340,,,,,,
75,9,6023,149,653,,,,,,
76,1,17664,463,967,,,,,,
77,4,8241,280,280,,,,,,
78,15,19482,86,590,,,,,,
79,6,11264,399,903,,,,,,
80,10,1941,217,217,,,,,,
81,8,16482,56,560,,,,,,
82,22,8264,369,873,,,,,,
83,3,18700,187,187,,,,,,
84,17,10482,500,500,,,,,,
85,5,1964,306,810,,,,,,
86,8,12300,123,123,,,,,,
87,1,4182,437,437,,,,,,
88,14,15723,246,750,,,,,,
89,14,6000,60,60,,,,,,
90,22,19241,390,390,,,,,,
91,10,10723,196,700,,,,,,
92,13,1300,13,13,,,,,,
93,5,12941,327,327,,,,,,
94,19,4723,136,640,,,,,,
95,7,15964,446,950,,,,,,
96,10,6541,263,263,,,,,,
97,2,18182,73,577,,,,,,
98,16,9964,386,890,,,,,,
99,16,241,200,200,,,,,,
100,7,11782,9,513,,,,,,
101,22,3664,323,827,,,,,,
102,2,15300,153,140,,,,,,
103,7,7182,467,467,,,,,,
104,21,18723,276,780,,,,,,
105,21,9000,90,90,,,,,,
106,12,782,403,403,,,,,,
107,4,12423,213,717,,,,,,
108,7,3000,30,30,,,,,,
109,18,14241,340,340,,,,,,
110,9,6023,149,653,,,,,,
111,1,17664,463,967,,,,,,
112,4,8241,280,280,,,,,,
113,15,19482,86,590,,,,,,
114,6,11264,399,903,,,,,,
115,10,1941,217,217,,,,,,
116,1,13482,26,530,,,,,,
117,12,4964,336,840,,,,,,
118,15,15300,153,153,,,,,,
119,7,7182,467,467,,,,,,
120,15,664,293,797,,,,,,
121,15,10700,107,107,,,,,,
122,6,2482,420,420,,,,,,
123,20,14023,229,733,,,,,,
124,1,4700,47,47,,,,,,
125,12,15941,357,357,,,,,,
126,3,7723,166,670,,,,,,
127,17,19264,479,983,,,,,,
128,21,9941,297,297,,,,,,
129,9,1423,103,607,,,,,,
130,1,12964,416,920,,,,,,
131,3,3541,233,233,,,,,,
132,18,15182,43,547,,,,,,
133,6,6664,353,857,,,,,,
134,9,17000,170,170,,,,,,
135,1,8782,483,483,,,,,,
136,15,664,293,797,,,,,,
137,15,10700,107,107,,,,,,
138,6,2482,420,420,,,,,,
139,20,14023,229,733,,,,,,
140,1,4700,47,47,,,,,,
141,12,15941,357,357,,,,,,
142,3,7723,166,670,,,,,,
143,17,19264,479,983,,,,,,
144,21,9941,297,297,,,,,,
145,9,1423,103,607,,,,,,
146,1,12964,416,920,,,,,,
147,3,3541,233,233,,,,,,
148,18,15182,43,547,,,,,,
149,6,6664,353,857,,,,,,
150,9,17000,170,170,,,,,,
151,17,10482,500,500,,,,,,
152,5,1964,306,810,,,,,,
153,8,12300,123,123,,,,,,
154,1,4182,437,437,,,,,,
155,14,15723,246,750,,,,,,
156,14,6000,60,60,,,,,,
157,5,17541,373,373,,,,,,
158,20,14023,229,733,,,,,,
159,1,4700,47,47,,,,,,
160,12,15941,357,357,,,,,,
161,3,7723,166,670,,,,,,
162,14,18964,476,980,,,,,,
163,17,9541,293,293,,,,,,
164,9,1423,103,607,,,,,,
165,1,12964,416,920,,,,,,
166,1,3241,230,230,,,,,,
167,14,14782,39,543,,,,,,
168,6,6664,353,857,,,,,,
169,9,17000,170,170,,,,,,
170,20,8482,480,480,,,,,,
171,11,264,289,793,,,,,,
172,15,10700,107,107,,,,,,
173,6,2482,420,420,,,,,,
174,17,13723,226,730,,,,,,
175,20,4300,43,43,,,,,,
176,12,15941,357,357,,,,,,
177,20,9423,183,687,,,,,,
178,1,1,1,179,,,,,,
179,11,11241,310,310,,,,,,
180,2,3023,119,623,,,,,,
181,17,14664,433,937,,,,,,
182,20,5241,250,250,,,,,,
183,8,16482,56,560,,,,,,
184,22,8264,369,873,,,,,,
185,3,18700,187,187,,,,,,
186,17,10482,500,500,,,,,,
187,5,1964,306,810,,,,,,
188,8,12300,123,123,,,,,,
189,1,4182,437,437,,,,,,
190,14,15723,246,750,,,,,,
191,14,6000,60,60,,,,,,
192,5,17541,373,373,,,,,,
193,20,9423,183,687,,,,,,
194,1,1,1,195,,,,,,
195,11,11241,310,310,,,,,,
196,2,3023,119,623,,,,,,
197,17,14664,433,937,,,,,,
198,20,5241,250,250,,,,,,
199,8,16482,56,560,,,,,,
200,22,8264,369,873,,,,,,
201,3,18700,187,187,,,,,,
202,17,10482,500,500,,,,,,
203,22,3664,323,827,,,,,,
204,2,14000,140,140,,,,,,
205,13,5482,450,450,,,,,,
206,4,17023,259,763,,,,,,
207,8,7700,77,77,,,,,,
208,22,19241,390,390,,,,,,
209,10,10723,196,700,,,,,,
210,13,1300,13,13,,,,,,
211,18,14241,340,340,,,,,,
212,9,6023,149,653,,,,,,
213,1,17664,463,967,,,,,,
214,4,8241,280,280,,,,,,
215,15,19482,86,590,,,,,,
216,6,11264,399,903,,,,,,
217,10,1941,217,217,,,,,,
218,1,13482,26,530,,,,,,
219,12,4964,336,840,,,,,,
220,15,15300,153,153,,,,,,
221,7,7182,467,467,,,,,,
222,21,18723,276,780,,,,,,
223,21,9000,90,90,,,,,,
224,12,782,403,403,,,,,,
225,4,12423,213,717,,,,,,
226,7,3000,30,30,,,,,,
227,18,14241,340,340,,,,,,
228,9,6023,149,653,,,,,,
229,1,17664,463,967,,,,,,
230,4,8241,280,280,,,,,,
231,15,19482,86,590,,,,,,
232,6,11264,399,903,,,,,,
233,10,1941,217,217,,,,,,
234,1,13482,26,530,,,,,,
235,12,4964,336,840,,,,,,
236,15,15300,153,153,,,,,,
237,7,7182,467,467,,,,,,
238,21,18723,276,780,,,,,,
239,21,9000,90,90,,,,,,
240,12,782,403,403,,,,,,
241,4,12423,213,717,,,,,,
242,7,3000,30,30,,,,,,
243,18,14241,340,340,,,,,,
244,9,6023,149,653,,,,,,
245,1,17664,463,967,,,,,,
246,4,8241,280,280,,,,,,
247,15,19482,86,590,,,,,,
248,6,11264,399,903,,,,,,
249,10,1941,217,217,,,,,,
250,18,15182,43,547,,,,,,
251,6,6664,353,857,,,,,,
252,9,17000,170,170,,,,,,
253,1,8782,483,483,,,,,,
254,5,1964,306,810,,,,,,
255,8,12300,123,123,,,,,,
256,1,4182,437,437,,,,,,
257,14,15723,246,750,,,,,,
258,14,6000,60,60,,,,,,
259,22,19241,390,390,,,,,,
260,10,10723,196,700,,,,,,
261,13,1300,13,13,,,,,,
262,5,12941,327,327,,,,,,
263,19,4723,136,640,,,,,,
264,1,17664,463,967,,,,,,
265,4,8241,280,280,,,,,,
266,15,19482,86,590,,,,,,
267,6,11264,399,903,,,,,,
268,10,1941,217,217,,,,,,
269,1,13482,26,530,,,,,,
270,12,4964,336,840,,,,,,
271,15,15300,153,153,,,,,,
272,7,7182,467,467,,,,,,
273,11,264,289,793,,,,,,
274,15,10700,107,107,,,,,,
275,6,2482,420,420,,,,,,
276,17,13723,226,730,,,,,,
277,20,4300,43,43,,,,,,
278,12,15941,357,357,,,,,,
279,3,7723,166,670,,,,,,
280,14,18964,476,980,,,,,,
281,17,9541,293,293,,,,,,
282,9,1423,103,607,,,,,,
283,1,12964,416,920,,,,,,
284,1,3241,230,230,,,,,,
285,14,14782,39,543,,,,,,
286,6,6664,353,857,,,,,,
287,9,17000,170,170,,,,,,
288,20,8482,480,480,,,,,,
289,11,264,289,793,,,,,,
290,15,10700,107,107,,,,,,
291,6,2482,420,420,,,,,,
292,17,13723,226,730,,,,,,
293,20,4300,43,43,,,,,,
294,12,15941,357,357,,,,,,
295,3,7723,166,670,,,,,,
296,14,18964,476,980,,,,,,
297,17,9541,293,293,,,,,,
298,9,1423,103,607,,,,,,
299,1,12964,416,920,,,,,,
300,1,3241,230,230,,,,,,
301,14,14782,39,543,,,,,,
302,6,6664,353,857,,,,,,
303,9,17000,170,170,,,,,,
304,21,9941,297,297,,,,,,
305,9,1423,103,607,,,,,,
306,1,12964,416,920,,,,,,
307,3,3541,233,233,,,,,,
308,14,14782,39,543,,,,,,
309,13,9664,383,887,,,,,,
310,16,241,200,200,,,,,,
311,7,11782,9,513,,,,,,
312,22,3664,323,827,,,,,,
313,2,14000,140,140,,,,,,
314,13,5482,450,450,,,,,,
315,4,17023,259,763,,,,,,
316,8,7700,77,77,,,,,,
317,22,19241,390,390,,,,,,
318,10,10723,196,700,,,,,,
319,13,1300,13,13,,,,,,
320,5,12941,327,327,,,,,,
321,19,4723,136,640,,,,,,
322,7,15964,446,950,,,,,,
323,10,6541,263,263,,,,,,
324,2,18182,73,577,,,,,,
325,16,9964,386,890,,,,,,
326,16,241,200,200,,,,,,
327,7,11782,9,513,,,,,,
328,22,3664,323,827,,,,,,
329,2,14000,140,140,,,,,,
330,13,5482,450,450,,,,,,
331,4,17023,259,763,,,,,,
332,21,9000,90,90,,,,,,
333,12,782,403,403,,,,,,
334,4,12423,213,717,,,,,,
335,7,3000,30,30,,,,,,
336,18,14241,340,340,,,,,,
337,9,6023,149,653,,,,,,
338,1,17664,463,967,,,,,,
339,4,8241,280,280,,,,,,
340,15,19482,86,590,,,,,,
341,6,11264,399,903,,,,,,
342,10,1941,217,217,,,,,,
343,1,13482,26,530,,,,,,
344,12,4964,336,840,,,,,,
345,15,15300,153,153,,,,,,
346,7,7182,467,467,,,,,,
347,21,18723,276,780,,,,,,
348,21,9000,90,90,,,,,,
349,12,782,403,403,,,,,,
350,4,12423,213,717,,,,,,
351,7,3000,30,30,,,,,,
352,18,14241,340,340,,,,,,
353,9,6023,149,653,,,,,,
354,1,17664,463,967,,,,,,
355,4,8241,280,280,,,,,,
356,15,19482,86,590,,,,,,
357,6,11264,399,903,,,,,,
358,10,1941,217,217,,,,,,
359,1,13482,26,530,,,,,,
360,12,4964,336,840,,,,,,
361,15,15300,153,153,,,,,,
362,7,7182,467,467,,,,,,
363,21,18723,276,780,,,,,,
364,21,9000,90,90,,,,,,
365,12,782,403,403,,,,,,
366,4,12423,213,717,,,,,,
367,7,3000,30,30,,,,,,
368,18,14241,340,340,,,,,,
369,9,6023,149,653,,,,,,
370,1,17664,463,967,,,,,,
371,4,8241,280,280,,,,,,
372,15,19482,86,590,,,,,,
373,6,11264,399,903,,,,,,
374,10,1941,217,217,,,,,,
375,1,13482,26,530,,,,,,
376,12,4964,336,840,,,,,,
377,15,15300,153,153,,,,,,
378,7,7182,467,467,,,,,,
379,21,18723,276,780,,,,,,
380,21,9000,90,90,,,,,,
381,12,782,403,403,,,,,,
382,4,12423,213,717,,,,,,
383,7,3000,30,30,,,,,,
384,18,14241,340,340,,,,,,
385,9,6023,149,653,,,,,,
386,1,17664,463,967,,,,,,
387,4,8241,280,280,,,,,,
388,15,19482,86,590,,,,,,
389,6,11264,399,903,,,,,,
390,10,1941,217,217,,,,,,
391,1,13482,26,530,,,,,,
392,12,4964,336,840,,,,,,
393,15,15300,153,153,,,,,,
394,7,7182,467,467,,,,,,
395,21,18723,276,780,,,,,,
396,21,9000,90,90,,,,,,
397,12,782,403,403,,,,,,
398,4,12423,213,717,,,,,,
399,7,3000,30,30,,,,,,
400,18,14241,340,340,,,,,,
401,9,6023,149,653,,,,,,
402,1,17664,463,967,,,,,,
403,4,8241,280,280,,,,,,
404,15,19482,86,590,,,,,,
405,17,14664,433,937,,,,,,
406,20,5241,250,250,,,,,,
407,8,16482,56,560,,,,,,
408,22,8264,369,873,,,,,,
409,3,18700,187,187,,,,,,
410,17,10482,500,500,,,,,,
411,5,1964,306,810,,,,,,
412,8,12300,123,123,,,,,,
413,1,4182,437,437,,,,,,
414,14,15723,246,750,,,,,,
415,14,6000,60,60,,,,,,
416,5,17541,373,373,,,,,,
417,20,9423,183,687,,,,,,
418,1,1,1,11,,,,,,
419,11,11241,310,310,,,,,,
420,2,3023,119,623,,,,,,
421,1,17664,463,967,,,,,,
422,4,8241,280,280,,,,,,
423,9,1423,103,607,,,,,,
424,1,12964,416,920,,,,,,
425,1,3241,230,230,,,,,,
426,14,14782,39,543,,,,,,
427,6,6664,353,857,,,,,,
428,9,17000,170,170,,,,,,
429,20,8482,480,480,,,,,,
430,11,264,289,793,,,,,,
431,15,10700,107,107,,,,,,
432,6,2482,420,420,,,,,,
433,17,13723,226,730,,,,,,
434,20,4300,43,43,,,,,,
435,12,15941,357,357,,,,,,
436,20,9423,183,687,,,,,,
437,1,1,1,11,,,,,,
438,11,11241,310,310,,,,,,
439,2,3023,119,623,,,,,,
440,17,14664,433,937,,,,,,
441,20,5241,250,250,,,,,,
442,8,16482,56,560,,,,,,
443,16,9964,386,890,,,,,,
444,16,241,200,200,,,,,,
445,7,11782,9,513,,,,,,
446,22,3664,323,827,,,,,,
447,2,14000,140,140,,,,,,
448,13,5482,450,450,,,,,,
449,4,17023,259,763,,,,,,
450,8,7700,77,77,,,,,,
451,12,782,403,403,,,,,,
452,4,12423,213,717,,,,,,
453,7,3000,30,30,,,,,,
454,18,14241,340,340,,,,,,
455,9,6023,149,653,,,,,,
456,1,17664,463,967,,,,,,
457,4,8241,280,280,,,,,,
458,15,19482,86,590,,,,,,
459,6,11264,399,903,,,,,,
460,10,1941,217,217,,,,,,
461,1,13482,26,530,,,,,,
462,12,4964,336,840,,,,,,
463,15,15300,153,153,,,,,,
464,7,7182,467,467,,,,,,
465,21,18723,276,780,,,,,,
466,21,9000,90,90,,,,,,
467,12,782,403,403,,,,,,
468,4,12423,213,717,,,,,,
469,7,3000,30,30,,,,,,
470,18,14241,340,340,,,,,,
471,9,6023,149,653,,,,,,
472,1,17664,463,967,,,,,,
473,4,8241,280,280,,,,,,
474,15,19482,86,590,,,,,,
475,6,11264,399,903,,,,,,
476,10,1941,217,217,,,,,,
477,1,13482,26,530,,,,,,
478,12,4964,336,840,,,,,,
479,15,15300,153,153,,,,,,
480,7,7182,467,467,,,,,,
481,21,18723,276,780,,,,,,
482,21,9000,90,90,,,,,,
483,12,782,403,403,,,,,,
484,4,12423,213,717,,,,,,
485,7,3000,30,30,,,,,,
486,18,14241,340,340,,,,,,
487,9,6023,149,653,,,,,,
488,1,17664,463,967,,,,,,
489,4,8241,280,280,,,,,,
490,15,19482,86,590,,,,,,
491,6,11264,399,903,,,,,,
492,10,1941,217,217,,,,,,
493,1,13482,26,530,,,,,,
494,12,4964,336,840,,,,,,
495,15,15300,153,153,,,,,,
496,1,1,1,11,,,,,,
497,13,1300,13,13,,,,,,
498,7,3000,30,30,,,,,,
499,1,4700,47,47,,,,,,
500,14,6000,60,60,,,,,,
501,8,7700,77,77,,,,,,
502,21,9000,90,90,,,,,,
503,15,10700,107,107,,,,,,
504,8,12300,123,123,,,,,,
505,2,14000,140,140,,,,,,
506,15,15300,153,153,,,,,,
507,9,17000,170,170,,,,,,
508,3,18700,187,187,,,,,,
509,16,241,200,200,,,,,,
510,10,1941,217,217,,,,,,
511,10,6541,263,263,,,,,,
512,4,8241,280,280,,,,,,
513,21,9941,297,297,,,,,,
514,11,11241,310,310,,,,,,
515,5,12941,327,327,,,,,,
516,18,14241,340,340,,,,,,
517,12,15941,357,357,,,,,,
518,5,17541,373,373,,,,,,
519,22,19241,390,390,,,,,,
520,12,782,403,403,,,,,,
521,6,2482,420,420,,,,,,
522,1,4182,437,437,,,,,,
523,13,5482,450,450,,,,,,
524,7,7182,467,467,,,,,,
525,1,8782,483,483,,,,,,
526,17,10482,500,500,,,,,,
527,7,11782,9,513,,,,,,
528,1,13482,26,530,,,,,,
529,18,15182,43,547,,,,,,
530,8,16482,56,560,,,,,,
531,2,18182,73,577,,,,,,
532,15,19482,86,590,,,,,,
533,9,1423,103,607,,,,,,
534,2,3023,119,623,,,,,,
535,19,4723,136,640,,,,,,
536,9,6023,149,653,,,,,,
537,3,7723,166,670,,,,,,
538,20,9423,183,687,,,,,,
539,10,10723,196,700,,,,,,
540,4,12423,213,717,,,,,,
541,20,14023,229,733,,,,,,
542,14,15723,246,750,,,,,,
543,4,17023,259,763,,,,,,
544,21,18723,276,780,,,,,,
545,15,664,293,797,,,,,,
546,5,1964,306,810,,,,,,
547,22,3664,323,827,,,,,,
548,12,4964,336,840,,,,,,
549,6,6664,353,857,,,,,,
550,22,8264,369,873,,,,,,
551,16,9964,386,890,,,,,,
552,6,11264,399,903,,,,,,
553,1,12964,416,920,,,,,,
554,17,14664,433,937,,,,,,
555,7,15964,446,950,,,,,,
556,1,17664,463,967,,,,,,
557,17,19264,479,983,,,,,,
558,1,1,1,11,,,,,,
559,13,1300,13,13,,,,,,
560,7,3000,30,30,,,,,,
561,1,4700,47,47,,,,,,
562,14,6000,60,60,,,,,,
563,8,7700,77,77,,,,,,
564,21,9000,90,90,,,,,,
565,15,10700,107,107,,,,,,
566,8,12300,123,123,,,,,,
567,2,14000,140,140,,,,,,
568,15,15300,153,153,,,,,,
569,9,17000,170,170,,,,,,
570,3,18700,187,187,,,,,,
571,16,241,200,200,,,,,,
572,10,1941,217,217,,,,,,
573,3,3541,233,233,,,,,,
574,20,5241,250,250,,,,,,
575,10,6541,263,263,,,,,,
576,4,8241,280,280,,,,,,
577,21,9941,297,297,,,,,,
578,11,11241,310,310,,,,,,
579,5,12941,327,327,,,,,,
580,18,14241,340,340,,,,,,
581,12,15941,357,357,,,,,,
582,5,17541,373,373,,,,,,
583,22,19241,390,390,,,,,,
584,12,782,403,403,,,,,,
585,6,2482,420,420,,,,,,
586,1,4182,437,437,,,,,,
587,13,5482,450,450,,,,,,
588,7,7182,467,467,,,,,,
589,1,8782,483,483,,,,,,
590,17,10482,500,500,,,,,,
591,7,11782,9,513,,,,,,
592,1,13482,26,530,,,,,,
593,18,15182,43,547,,,,,,
594,8,16482,56,560,,,,,,
595,2,18182,73,577,,,,,,
596,15,19482,86,590,,,,,,
597,9,1423,103,607,,,,,,
598,2,3023,119,623,,,,,,
599,19,4723,136,640,,,,,,
600,9,6023,149,653,,,,,,
601,3,7723,166,670,,,,,,
602,20,9423,183,687,,,,,,
603,10,10723,196,700,,,,,,
604,4,12423,213,717,,,,,,
605,20,14023,229,733,,,,,,
606,14,15723,246,750,,,,,,
607,4,17023,259,763,,,,,,
608,21,18723,276,780,,,,,,
609,15,664,293,797,,,,,,
610,5,1964,306,810,,,,,,
611,22,3664,323,827,,,,,,
612,12,4964,336,840,,,,,,
613,6,6664,353,857,,,,,,
614,22,8264,369,873,,,,,,
615,16,9964,386,890,,,,,,
616,6,11264,399,903,,,,,,
617,1,12964,416,920,,,,,,
618,17,14664,433,937,,,,,,
619,7,15964,446,950,,,,,,
620,1,17664,463,967,,,,,,
621,17,19264,479,983,,,,,,
622,1,1,1,11,,,,,,
623,13,1300,13,13,,,,,,
624,7,3000,30,30,,,,,,
625,1,4700,47,47,,,,,,
626,14,6000,60,60,,,,,,
627,8,7700,77,77,,,,,,
628,21,9000,90,90,,,,,,
629,15,10700,107,107,,,,,,
630,8,12300,123,123,,,,,,
631,2,14000,140,140,,,,,,
632,15,15300,153,153,,,,,,
633,9,17000,170,170,,,,,,
634,3,18700,187,187,,,,,,
635,16,241,200,200,,,,,,
636,10,1941,217,217,,,,,,
637,3,3541,233,233,,,,,,
638,20,5241,250,250,,,,,,
639,10,6541,263,263,,,,,,
640,4,8241,280,280,,,,,,
641,21,9941,297,297,,,,,,
642,11,11241,310,310,,,,,,
643,5,12941,327,327,,,,,,
644,18,14241,340,340,,,,,,
645,12,15941,357,357,,,,,,
646,5,17541,373,373,,,,,,
647,22,19241,390,390,,,,,,
648,12,782,403,403,,,,,,
649,6,2482,420,420,,,,,,
650,1,4182,437,437,,,,,,
651,13,5482,450,450,,,,,,
652,7,7182,467,467,,,,,,
653,1,8782,483,483,,,,,,
654,17,10482,500,500,,,,,,
655,7,11782,9,513,,,,,,
656,1,13482,26,530,,,,,,
657,18,15182,43,547,,,,,,
658,8,16482,56,560,,,,,,
659,2,18182,73,577,,,,,,
660,15,19482,86,590,,,,,,
661,9,1423,103,607,,,,,,
662,2,3023,119,623,,,,,,
663,19,4723,136,640,,,,,,
664,9,6023,149,653,,,,,,
665,3,7723,166,670,,,,,,
666,20,9423,183,687,,,,,,
667,10,10723,196,700,,,,,,
668,4,12423,213,717,,,,,,
669,20,14023,229,733,,,,,,
670,14,15723,246,750,,,,,,
671,4,17023,259,763,,,,,,
672,21,18723,276,780,,,,,,
673,15,664,293,797,,,,,,
674,5,1964,306,810,,,,,,
675,22,3664,323,827,,,,,,
676,12,4964,336,840,,,,,,
677,6,6664,353,857,,,,,,
678,22,8264,369,873,,,,,,
679,16,9964,386,890,,,,,,
680,6,11264,399,903,,,,,,
681,1,12964,416,920,,,,,,
682,17,14664,433,937,,,,,,
683,7,15964,446,950,,,,,,
684,1,17664,463,967,,,,,,
685,17,19264,479,983,,,,,,
686,1,1,1,11,,,,,,
687,13,1300,13,13,,,,,,
688,7,3000,30,30,,,,,,
689,1,4700,47,47,,,,,,
690,14,6000,60,60,,,,,,
691,8,7700,77,77,,,,,,
692,21,9000,90,90,,,,,,
693,15,10700,107,107,,,,,,
694,8,12300,123,123,,,,,,
695,2,14000,140,140,,,,,,
696,15,15300,153,153,,,,,,
697,9,17000,170,170,,,,,,
698,3,18700,187,187,,,,,,
699,16,241,200,200,,,,,,
700,10,1941,217,217,,,,,,
701,3,3541,233,233,,,,,,
702,20,5241,250,250,,,,,,
703,10,6541,263,263,,,,,,
704,4,8241,280,280,,,,,,
705,21,9941,297,297,,,,,,
706,11,11241,310,310,,,,,,
707,5,12941,327,327,,,,,,
708,18,14241,340,340,,,,,,
709,12,15941,357,357,,,,,,
710,5,17541,373,373,,,,,,
711,22,19241,390,390,,,,,,
712,12,782,403,403,,,,,,
713,6,2482,420,420,,,,,,
714,1,4182,437,437,,,,,,
715,13,5482,450,450,,,,,,
716,7,7182,467,467,,,,,,
717,1,8782,483,483,,,,,,
718,17,10482,500,500,,,,,,
719,7,11782,9,513,,,,,,
720,1,13482,26,530,,,,,,
721,18,15182,43,547,,,,,,
722,8,16482,56,560,,,,,,
723,2,18182,73,577,,,,,,
724,15,19482,86,590,,,,,,
725,9,1423,103,607,,,,,,
726,2,3023,119,623,,,,,,
727,19,4723,136,640,,,,,,
728,9,6023,149,653,,,,,,
729,3,7723,166,670,,,,,,
730,20,9423,183,687,,,,,,
731,10,10723,196,700,,,,,,
732,4,12423,213,717,,,,,,
733,20,14023,229,733,,,,,,
734,14,15723,246,750,,,,,,
735,4,17023,259,763,,,,,,
736,21,18723,276,780,,,,,,
737,15,664,293,797,,,,,,
738,5,1964,306,810,,,,,,
739,22,3664,323,827,,,,,,
740,12,4964,336,840,,,,,,
741,6,6664,353,857,,,,,,
742,22,8264,369,873,,,,,,
743,16,9964,386,890,,,,,,
744,6,11264,399,903,,,,,,
745,1,12964,416,920,,,,,,
746,17,14664,433,937,,,,,,
747,7,15964,446,950,,,,,,
748,1,17664,463,967,,,,,,
749,17,19264,479,983,,,,,,
750,1,1,1,11,,,,,,
751,13,1300,13,13,,,,,,
752,7,3000,30,30,,,,,,
753,1,4700,47,47,,,,,,
754,14,6000,60,60,,,,,,
755,8,7700,77,77,,,,,,
756,21,9000,90,90,,,,,,
757,15,10700,107,107,,,,,,
758,8,12300,123,123,,,,,,
759,2,14000,140,140,,,,,,
760,15,15300,153,153,,,,,,
761,9,17000,170,170,,,,,,
762,3,18700,187,187,,,,,,
763,16,241,200,200,,,,,,
764,10,1941,217,217,,,,,,
765,3,3541,233,233,,,,,,
766,20,5241,250,250,,,,,,
767,10,6541,263,263,,,,,,
768,4,8241,280,280,,,,,,
769,21,9941,297,297,,,,,,
770,11,11241,310,310,,,,,,
771,5,12941,327,327,,,,,,
772,18,14241,340,340,,,,,,
773,12,15941,357,357,,,,,,
774,5,17541,373,373,,,,,,
775,22,19241,390,390,,,,,,
776,12,782,403,403,,,,,,
777,6,2482,420,420,,,,,,
778,1,4182,437,437,,,,,,
779,13,5482,450,450,,,,,,
780,7,7182,467,467,,,,,,
781,1,8782,483,483,,,,,,
782,17,10482,500,500,,,,,,
783,7,11782,9,513,,,,,,
784,1,13482,26,530,,,,,,
785,18,15182,43,547,,,,,,
786,8,16482,56,560,,,,,,
787,2,18182,73,577,,,,,,
788,15,19482,86,590,,,,,,
789,9,1423,103,607,,,,,,
790,2,3023,119,623,,,,,,
791,19,4723,136,640,,,,,,
792,9,6023,149,653,,,,,,
793,3,7723,166,670,,,,,,
794,20,9423,183,687,,,,,,
795,10,10723,196,700,,,,,,
796,4,12423,213,717,,,,,,
797,20,14023,229,733,,,,,,
798,14,15723,246,750,,,,,,
799,4,17023,259,763,,,,,,
800,21,18723,276,780,,,,,,
801,15,664,293,797,,,,,,
802,5,1964,306,810,,,,,,
803,22,3664,323,827,,,,,,
804,12,4964,336,840,,,,,,
805,6,6664,353,857,,,,,,
806,22,8264,369,873,,,,,,
807,16,9964,386,890,,,,,,
808,6,11264,399,903,,,,,,
809,1,12964,416,920,,,,,,
810,17,14664,433,937,,,,,,
811,7,15964,446,950,,,,,,
812,1,17664,463,967,,,,,,
813,17,19264,479,983,,,,,,
814,1,1,1,11,,,,,,
815,13,1300,13,13,,,,,,
816,7,3000,30,30,,,,,,
817,1,4700,47,47,,,,,,
818,14,6000,60,60,,,,,,
819,8,7700,77,77,,,,,,
820,21,9000,90,90,,,,,,
821,15,10700,107,107,,,,,,
822,8,12300,123,123,,,,,,
823,2,14000,140,140,,,,,,
824,15,15300,153,153,,,,,,
825,9,17000,170,170,,,,,,
826,3,18700,187,187,,,,,,
827,16,241,200,200,,,,,,
828,10,1941,217,217,,,,,,
829,3,3541,233,233,,,,,,
830,20,5241,250,250,,,,,,
831,10,6541,263,263,,,,,,
832,4,8241,280,280,,,,,,
833,21,9941,297,297,,,,,,
834,11,11241,310,310,,,,,,
835,5,12941,327,327,,,,,,
836,18,14241,340,340,,,,,,
837,12,15941,357,357,,,,,,
838,5,17541,373,373,,,,,,
839,22,19241,390,390,,,,,,
840,12,782,403,403,,,,,,
841,6,2482,420,420,,,,,,
842,1,4182,437,437,,,,,,
843,13,5482,450,450,,,,,,
844,7,7182,467,467,,,,,,
845,1,8782,483,483,,,,,,
846,17,10482,500,500,,,,,,
847,7,11782,9,513,,,,,,
848,1,13482,26,530,,,,,,
849,18,15182,43,547,,,,,,
850,8,16482,56,560,,,,,,
851,2,18182,73,577,,,,,,
852,15,19482,86,590,,,,,,
853,9,1423,103,607,,,,,,
854,2,3023,119,623,,,,,,
855,19,4723,136,640,,,,,,
856,9,6023,149,653,,,,,,
857,20,9423,183,687,,,,,,
858,4,12423,213,717,,,,,,
859,14,15723,246,750,,,,,,
860,21,18723,276,780,,,,,,
861,5,1964,306,810,,,,,,
862,12,4964,336,840,,,,,,
863,22,8264,369,873,,,,,,
864,1,12964,416,920,,,,,,
865,7,15964,446,950,,,,,,
866,1,17664,463,967,,,,,,
867,17,19264,479,983,,,,,,
868,1,1,1,11,,,,,,
869,13,1300,13,13,,,,,,
870,7,3000,30,30,,,,,,
871,1,4700,47,47,,,,,,
872,14,6000,60,60,,,,,,
873,8,7700,77,77,,,,,,
874,21,9000,90,90,,,,,,
875,15,10700,107,107,,,,,,
876,8,12300,123,123,,,,,,
877,2,14000,140,140,,,,,,
878,15,15300,153,153,,,,,,
879,9,17000,170,170,,,,,,
880,3,18700,187,187,,,,,,
881,16,241,200,200,,,,,,
882,10,1941,217,217,,,,,,
883,3,3541,233,233,,,,,,
884,20,5241,250,250,,,,,,
885,10,6541,263,263,,,,,,
886,4,8241,280,280,,,,,,
887,21,9941,297,297,,,,,,
888,11,11241,310,310,,,,,,
889,5,12941,327,327,,,,,,
890,18,14241,340,340,,,,,,
891,12,15941,357,357,,,,,,
892,5,17541,373,373,,,,,,
893,22,19241,390,390,,,,,,
894,12,782,403,403,,,,,,
895,6,2482,420,420,,,,,,
896,1,4182,437,437,,,,,,
897,13,5482,450,450,,,,,,
898,7,7182,467,467,,,,,,
899,1,8782,483,483,,,,,,
900,17,10482,500,500,,,,,,
901,7,11782,9,513,,,,,,
902,1,13482,26,530,,,,,,
903,18,15182,43,547,,,,,,
904,8,16482,56,560,,,,,,
905,2,18182,73,577,,,,,,
906,15,19482,86,590,,,,,,
907,9,1423,103,607,,,,,,
908,2,3023,119,623,,,,,,
909,19,4723,136,640,,,,,,
910,9,6023,149,653,,,,,,
911,3,7723,166,670,,,,,,
912,20,9423,183,687,,,,,,
913,10,10723,196,700,,,,,,
914,4,12423,213,717,,,,,,
915,20,14023,229,733,,,,,,
916,14,15723,246,750,,,,,,
917,4,17023,259,763,,,,,,
918,21,18723,276,780,,,,,,
919,15,664,293,797,,,,,,
920,5,1964,306,810,,,,,,
921,22,3664,323,827,,,,,,
922,12,4964,336,840,,,,,,
923,6,6664,353,857,,,,,,
924,22,8264,369,873,,,,,,
925,16,9964,386,890,,,,,,
926,6,11264,399,903,,,,,,
927,1,12964,416,920,,,,,,
928,17,14664,433,937,,,,,,
929,7,15964,446,950,,,,,,
930,1,17664,463,967,,,,,,
931,17,19264,479,983,,,,,,
932,1,1,1,11,,,,,,
933,13,1300,13,13,,,,,,
934,7,3000,30,30,,,,,,
935,1,4700,47,47,,,,,,
936,14,6000,60,60,,,,,,
937,8,7700,77,77,,,,,,
938,21,9000,90,90,,,,,,
939,15,10700,107,107,,,,,,
940,8,12300,123,123,,,,,,
941,2,14000,140,140,,,,,,
942,15,15300,153,153,,,,,,
943,9,17000,170,170,,,,,,
944,3,18700,187,187,,,,,,
945,16,241,200,200,,,,,,
946,10,1941,217,217,,,,,,
947,3,3541,233,233,,,,,,
948,20,5241,250,250,,,,,,
949,10,6541,263,263,,,,,,
950,4,8241,280,280,,,,,,
951,21,9941,297,297,,,,,,
952,11,11241,310,310,,,,,,
953,5,12941,327,327,,,,,,
954,18,14241,340,340,,,,,,
955,12,15941,357,357,,,,,,
956,5,17541,373,373,,,,,,
957,22,19241,390,390,,,,,,
958,12,782,403,403,,,,,,
959,6,2482,420,420,,,,,,
960,1,4182,437,437,,,,,,
961,13,5482,450,450,,,,,,
962,7,7182,467,467,,,,,,
963,1,8782,483,483,,,,,,
964,17,10482,500,500,,,,,,
965,7,11782,9,513,,,,,,
966,1,13482,26,530,,,,,,
967,18,15182,43,547,,,,,,
968,8,16482,56,560,,,,,,
969,2,18182,73,577,,,,,,
970,15,19482,86,590,,,,,,
971,9,1423,103,607,,,,,,
972,2,3023,119,623,,,,,,
973,19,4723,136,640,,,,,,
974,9,6023,149,653,,,,,,
975,3,7723,166,670,,,,,,
976,20,9423,183,687,,,,,,
977,10,10723,196,700,,,,,,
978,4,12423,213,717,,,,,,
979,20,14023,229,733,,,,,,
980,14,15723,246,750,,,,,,
981,4,17023,259,763,,,,,,
982,21,18723,276,780,,,,,,
983,15,664,293,797,,,,,,
984,5,1964,306,810,,,,,,
985,22,3664,323,827,,,,,,
986,12,4964,336,840,,,,,,
987,6,6664,353,857,,,,,,
988,22,8264,369,873,,,,,,
989,16,9964,386,890,,,,,,
990,6,11264,399,903,,,,,,
991,1,12964,416,920,,,,,,
992,17,14664,433,937,,,,,,
993,7,15964,446,950,,,,,,
994,1,17664,463,967,,,,,,
995,17,19264,479,983,,,,,,
996,1,1,1,11,,,,,,
997,13,1300,13,13,,,,,,
998,7,3000,30,30,,,,,,
999,1,4700,47,47,,,,,,
1000,14,6000,60,60,,,,,,
